write_design_id,proposed_action,legacy_partner_source,legacy_partner_id,partner_name,tax_number,tax_number_policy,dedup_key_type,dedup_key,sources,source_row_count,merge_strategy,customer_flag,supplier_flag,rollback_key_source,rollback_key_legacy_id,source_dry_run_row_no,db_write
partner_l4_missing_tax_duplicate_group_0001,create_merged_partner_without_tax_number,cooperat_company,7620e052f0ca4d13aa12a5013d40c591,上海建业信息科技股份有限公司,,allowed_blank_by_user_policy,exact_name,上海建业信息科技股份有限公司,company,2,merge_by_exact_name,true,false,cooperat_company,7620e052f0ca4d13aa12a5013d40c591,19,false
partner_l4_missing_tax_duplicate_group_0002,create_merged_partner_without_tax_number,cooperat_company,3373797eb3b64dee890de9ca210570cc,中交一公局海威工程建设有限公司,,allowed_blank_by_user_policy,exact_name,中交一公局海威工程建设有限公司,company,2,merge_by_exact_name,true,false,cooperat_company,3373797eb3b64dee890de9ca210570cc,42,false
partner_l4_missing_tax_duplicate_group_0003,create_merged_partner_without_tax_number,cooperat_company,119e3bb58e0d41e6892d645e9c27926c,中仪国际招标有限公司,,allowed_blank_by_user_policy,exact_name,中仪国际招标有限公司,company,6,merge_by_exact_name,true,false,cooperat_company,119e3bb58e0d41e6892d645e9c27926c,45,false
partner_l4_missing_tax_duplicate_group_0004,create_merged_partner_without_tax_number,cooperat_company,27af3fdab1a541888120f261ac87d78e,中国人民解放军陆军特色医学中心,,allowed_blank_by_user_policy,exact_name,中国人民解放军陆军特色医学中心,company,2,merge_by_exact_name,true,false,cooperat_company,27af3fdab1a541888120f261ac87d78e,80,false
partner_l4_missing_tax_duplicate_group_0005,create_merged_partner_without_tax_number,company_supplier,15354c616f5046169ee325fd62f4c4b1,中国人民财产保险股份有限公司德阳市分公司,,allowed_blank_by_user_policy,exact_name,中国人民财产保险股份有限公司德阳市分公司,company;supplier,3,merge_by_exact_name,true,true,company_supplier,15354c616f5046169ee325fd62f4c4b1,83,false
partner_l4_missing_tax_duplicate_group_0006,create_merged_partner_without_tax_number,cooperat_company,317dfb0a49914aedbc71a4784b85e282,中国平安财产保险股份有限公司天津分公司,,allowed_blank_by_user_policy,exact_name,中国平安财产保险股份有限公司天津分公司,company,4,merge_by_exact_name,true,false,cooperat_company,317dfb0a49914aedbc71a4784b85e282,108,false
partner_l4_missing_tax_duplicate_group_0007,create_merged_partner_without_tax_number,cooperat_company,269D7E9D1400424683B5F4E04C1B1A06,中国建筑一局（集团）有限公司,,allowed_blank_by_user_policy,exact_name,中国建筑一局（集团）有限公司,company,2,merge_by_exact_name,true,false,cooperat_company,269D7E9D1400424683B5F4E04C1B1A06,110,false
partner_l4_missing_tax_duplicate_group_0008,create_merged_partner_without_tax_number,cooperat_company,9D598AA886B8493D8143D98EF587F685,中国建筑第八工程局有限公司,,allowed_blank_by_user_policy,exact_name,中国建筑第八工程局有限公司,company,2,merge_by_exact_name,true,false,cooperat_company,9D598AA886B8493D8143D98EF587F685,111,false
partner_l4_missing_tax_duplicate_group_0009,create_merged_partner_without_tax_number,cooperat_company,4e1beb51a1024c5381a64cc72dcb47df,中国建筑第六工程局有限公司,,allowed_blank_by_user_policy,exact_name,中国建筑第六工程局有限公司,company,2,merge_by_exact_name,true,false,cooperat_company,4e1beb51a1024c5381a64cc72dcb47df,112,false
partner_l4_missing_tax_duplicate_group_0010,create_merged_partner_without_tax_number,cooperat_company,099cc4630a5b49d09cb90f70ed8144b3,中国建筑第四工程局有限公司,,allowed_blank_by_user_policy,exact_name,中国建筑第四工程局有限公司,company,2,merge_by_exact_name,true,false,cooperat_company,099cc4630a5b49d09cb90f70ed8144b3,113,false
partner_l4_missing_tax_duplicate_group_0011,create_merged_partner_without_tax_number,cooperat_company,2dc5de81fff64fda8373debaecaac98a,中国机电工程招标有限公司,,allowed_blank_by_user_policy,exact_name,中国机电工程招标有限公司,company,6,merge_by_exact_name,true,false,cooperat_company,2dc5de81fff64fda8373debaecaac98a,119,false
partner_l4_missing_tax_duplicate_group_0012,create_merged_partner_without_tax_number,cooperat_company,1459E0CA0CFD444C8B5212B596490A04,中国石油天然气第七建设有限公司,,allowed_blank_by_user_policy,exact_name,中国石油天然气第七建设有限公司,company,2,merge_by_exact_name,true,false,cooperat_company,1459E0CA0CFD444C8B5212B596490A04,132,false
partner_l4_missing_tax_duplicate_group_0013,create_merged_partner_without_tax_number,cooperat_company,04a8710a44ed45328929449164d6de56,中国石油天然气股份有限公司四川销售分公司,,allowed_blank_by_user_policy,exact_name,中国石油天然气股份有限公司四川销售分公司,company,4,merge_by_exact_name,true,false,cooperat_company,04a8710a44ed45328929449164d6de56,134,false
partner_l4_missing_tax_duplicate_group_0014,create_merged_partner_without_tax_number,cooperat_company,587c5af87ae14c5392b4406df6c6551c,中国第二重型机械集团(德阳)万安物业发展有限公司,,allowed_blank_by_user_policy,exact_name,中国第二重型机械集团(德阳)万安物业发展有限公司,company,2,merge_by_exact_name,true,false,cooperat_company,587c5af87ae14c5392b4406df6c6551c,155,false
partner_l4_missing_tax_duplicate_group_0015,create_merged_partner_without_tax_number,cooperat_company,82931e90ee2746ae9c97b7d58d614a54,中建二局第二建筑工程有限公司,,allowed_blank_by_user_policy,exact_name,中建二局第二建筑工程有限公司,company,2,merge_by_exact_name,true,false,cooperat_company,82931e90ee2746ae9c97b7d58d614a54,178,false
partner_l4_missing_tax_duplicate_group_0016,create_merged_partner_without_tax_number,cooperat_company,8d8201f8a31346cfb19f301bdba8330d,中建四局第一建设有限公司,,allowed_blank_by_user_policy,exact_name,中建四局第一建设有限公司,company,2,merge_by_exact_name,true,false,cooperat_company,8d8201f8a31346cfb19f301bdba8330d,182,false
partner_l4_missing_tax_duplicate_group_0017,create_merged_partner_without_tax_number,cooperat_company,36754034ace34b49a49ce21131f0541c,中惠保险经纪有限公司,,allowed_blank_by_user_policy,exact_name,中惠保险经纪有限公司,company,5,merge_by_exact_name,true,false,cooperat_company,36754034ace34b49a49ce21131f0541c,187,false
partner_l4_missing_tax_duplicate_group_0018,create_merged_partner_without_tax_number,cooperat_company,33395bc28e964194abc3564ec362d277,中核（上海）供应链管理有限公司,,allowed_blank_by_user_policy,exact_name,中核（上海）供应链管理有限公司,company,5,merge_by_exact_name,true,false,cooperat_company,33395bc28e964194abc3564ec362d277,193,false
partner_l4_missing_tax_duplicate_group_0019,create_merged_partner_without_tax_number,cooperat_company,4fadd8e3f4f044d095901147547fce0a,中江凯兴建设投资有限公司,,allowed_blank_by_user_policy,exact_name,中江凯兴建设投资有限公司,company,3,merge_by_exact_name,true,false,cooperat_company,4fadd8e3f4f044d095901147547fce0a,198,false
partner_l4_missing_tax_duplicate_group_0020,create_merged_partner_without_tax_number,cooperat_company,6adbc8d2a40a40d9acd1ffe659442ee5,中江县殡仪馆,,allowed_blank_by_user_policy,exact_name,中江县殡仪馆,company,2,merge_by_exact_name,true,false,cooperat_company,6adbc8d2a40a40d9acd1ffe659442ee5,221,false
partner_l4_missing_tax_duplicate_group_0021,create_merged_partner_without_tax_number,cooperat_company,07ccebac69384cc8a87e22d86c26f15e,中江县水利局,,allowed_blank_by_user_policy,exact_name,中江县水利局,company,2,merge_by_exact_name,true,false,cooperat_company,07ccebac69384cc8a87e22d86c26f15e,222,false
partner_l4_missing_tax_duplicate_group_0022,create_merged_partner_without_tax_number,cooperat_company,27b2d90979824a70bfa942c7c8b32876,中江县财政局,,allowed_blank_by_user_policy,exact_name,中江县财政局,company,2,merge_by_exact_name,true,false,cooperat_company,27b2d90979824a70bfa942c7c8b32876,233,false
partner_l4_missing_tax_duplicate_group_0023,create_merged_partner_without_tax_number,cooperat_company,0A13302740D84FE8822D78EB8A31A311,中江县辑庆镇尖寨村股份经济合作联合社,,allowed_blank_by_user_policy,exact_name,中江县辑庆镇尖寨村股份经济合作联合社,company,2,merge_by_exact_name,true,false,cooperat_company,0A13302740D84FE8822D78EB8A31A311,237,false
partner_l4_missing_tax_duplicate_group_0024,create_merged_partner_without_tax_number,cooperat_company,0c942819a1654d8d8a933b14557623e9,中铁一局集团铁路建设有限公司,,allowed_blank_by_user_policy,exact_name,中铁一局集团铁路建设有限公司,company,3,merge_by_exact_name,true,false,cooperat_company,0c942819a1654d8d8a933b14557623e9,258,false
partner_l4_missing_tax_duplicate_group_0025,create_merged_partner_without_tax_number,cooperat_company,cad3f759f4af431f8ce71376bb40cc69,中铁八局集团有限公司,,allowed_blank_by_user_policy,exact_name,中铁八局集团有限公司,company,2,merge_by_exact_name,true,false,cooperat_company,cad3f759f4af431f8ce71376bb40cc69,263,false
partner_l4_missing_tax_duplicate_group_0026,create_merged_partner_without_tax_number,cooperat_company,2244f8ba357a4d63b6217a2904102558,中铁十九局集团有限公司,,allowed_blank_by_user_policy,exact_name,中铁十九局集团有限公司,company,2,merge_by_exact_name,true,false,cooperat_company,2244f8ba357a4d63b6217a2904102558,265,false
partner_l4_missing_tax_duplicate_group_0027,create_merged_partner_without_tax_number,cooperat_company,9d04bff9ac15462e98252a7916b0e505,中铁十八局集团有限公司,,allowed_blank_by_user_policy,exact_name,中铁十八局集团有限公司,company,2,merge_by_exact_name,true,false,cooperat_company,9d04bff9ac15462e98252a7916b0e505,273,false
partner_l4_missing_tax_duplicate_group_0028,create_merged_partner_without_tax_number,cooperat_company,BEE0150FCC934C1BA1E766303846DC24,中铁十八局集团有限公司巴中恩阳临港产业园项目经理部,,allowed_blank_by_user_policy,exact_name,中铁十八局集团有限公司巴中恩阳临港产业园项目经理部,company,2,merge_by_exact_name,true,false,cooperat_company,BEE0150FCC934C1BA1E766303846DC24,274,false
partner_l4_missing_tax_duplicate_group_0029,create_merged_partner_without_tax_number,cooperat_company,7b4a1dfcb7b1494d8fc0fb3c68bee63d,丰都项目劳务公司,,allowed_blank_by_user_policy,exact_name,丰都项目劳务公司,company,5,merge_by_exact_name,true,false,cooperat_company,7b4a1dfcb7b1494d8fc0fb3c68bee63d,292,false
partner_l4_missing_tax_duplicate_group_0030,create_merged_partner_without_tax_number,cooperat_company,34ae583a09d34a25864e4a1f7ec631e6,二重德阳储能科技有限公司,,allowed_blank_by_user_policy,exact_name,二重德阳储能科技有限公司,company,2,merge_by_exact_name,true,false,cooperat_company,34ae583a09d34a25864e4a1f7ec631e6,309,false
partner_l4_missing_tax_duplicate_group_0031,create_merged_partner_without_tax_number,cooperat_company,4117359e2f71442cad82b68176edc60f,二重（德阳）重型装备有限公司,,allowed_blank_by_user_policy,exact_name,二重（德阳）重型装备有限公司,company,2,merge_by_exact_name,true,false,cooperat_company,4117359e2f71442cad82b68176edc60f,312,false
partner_l4_missing_tax_duplicate_group_0032,create_merged_partner_without_tax_number,company_supplier,0974505ed1654933a59898852a8f164a,京东五星电器（四川）集团有限公司德阳分公司,,allowed_blank_by_user_policy,exact_name,京东五星电器（四川）集团有限公司德阳分公司,company;supplier,3,merge_by_exact_name,true,true,company_supplier,0974505ed1654933a59898852a8f164a,327,false
partner_l4_missing_tax_duplicate_group_0033,create_merged_partner_without_tax_number,cooperat_company,2af09d4637db4c46b289f59063d7202c,什邡市回澜镇人民政府,,allowed_blank_by_user_policy,exact_name,什邡市回澜镇人民政府,company,2,merge_by_exact_name,true,false,cooperat_company,2af09d4637db4c46b289f59063d7202c,331,false
partner_l4_missing_tax_duplicate_group_0034,create_merged_partner_without_tax_number,cooperat_company,8B453C7C19D94FCA9DD428C5BB216A0F,伟宸建设集团有限公司,,allowed_blank_by_user_policy,exact_name,伟宸建设集团有限公司,company,2,merge_by_exact_name,true,false,cooperat_company,8B453C7C19D94FCA9DD428C5BB216A0F,357,false
partner_l4_missing_tax_duplicate_group_0035,create_merged_partner_without_tax_number,cooperat_company,af92191fafbb4a3db361973efd89ce1e,保利长大工程有限公司,,allowed_blank_by_user_policy,exact_name,保利长大工程有限公司,company,2,merge_by_exact_name,true,false,cooperat_company,af92191fafbb4a3db361973efd89ce1e,387,false
partner_l4_missing_tax_duplicate_group_0036,create_merged_partner_without_tax_number,cooperat_company,157af797b0474331b93e3cf586ba4d0c,公诚管理咨询有限公司,,allowed_blank_by_user_policy,exact_name,公诚管理咨询有限公司,company,6,merge_by_exact_name,true,false,cooperat_company,157af797b0474331b93e3cf586ba4d0c,401,false
partner_l4_missing_tax_duplicate_group_0037,create_merged_partner_without_tax_number,cooperat_company,017a56d78ef043d191c7435f79130e36,农民工专户,,allowed_blank_by_user_policy,exact_name,农民工专户,company,8,merge_by_exact_name,true,false,cooperat_company,017a56d78ef043d191c7435f79130e36,408,false
partner_l4_missing_tax_duplicate_group_0038,create_merged_partner_without_tax_number,cooperat_company,32c60f33a567466c8bd466249b377c3c,剑阁农商银行零余额账户垫款户,,allowed_blank_by_user_policy,exact_name,剑阁农商银行零余额账户垫款户,company,3,merge_by_exact_name,true,false,cooperat_company,32c60f33a567466c8bd466249b377c3c,467,false
partner_l4_missing_tax_duplicate_group_0039,create_merged_partner_without_tax_number,cooperat_company,287f52835d0441d690c0188d13eb6b5c,剑阁县公兴镇人民政府,,allowed_blank_by_user_policy,exact_name,剑阁县公兴镇人民政府,company,2,merge_by_exact_name,true,false,cooperat_company,287f52835d0441d690c0188d13eb6b5c,470,false
partner_l4_missing_tax_duplicate_group_0040,create_merged_partner_without_tax_number,cooperat_company,bb4fe8d224ca4e869aa125f4d4398670,剑阁县国库集中支付中心,,allowed_blank_by_user_policy,exact_name,剑阁县国库集中支付中心,company,2,merge_by_exact_name,true,false,cooperat_company,bb4fe8d224ca4e869aa125f4d4398670,472,false
partner_l4_missing_tax_duplicate_group_0041,create_merged_partner_without_tax_number,cooperat_company,474573b2fdf64b03bc3f838144f1f7cc,办公用品,,allowed_blank_by_user_policy,exact_name,办公用品,company,2,merge_by_exact_name,true,false,cooperat_company,474573b2fdf64b03bc3f838144f1f7cc,484,false
partner_l4_missing_tax_duplicate_group_0042,create_merged_partner_without_tax_number,cooperat_company,6f6742a3-6e27-41ea-88d3-8f11b7b9444b,劳务人工,,allowed_blank_by_user_policy,exact_name,劳务人工,company,2,merge_by_exact_name,true,false,cooperat_company,6f6742a3-6e27-41ea-88d3-8f11b7b9444b,488,false
partner_l4_missing_tax_duplicate_group_0043,create_merged_partner_without_tax_number,cooperat_company,4a9156aba44040d399d7dfe9dd709994,北京世标认证中心有限公司成都分公司,,allowed_blank_by_user_policy,exact_name,北京世标认证中心有限公司成都分公司,company,6,merge_by_exact_name,true,false,cooperat_company,4a9156aba44040d399d7dfe9dd709994,492,false
partner_l4_missing_tax_duplicate_group_0044,create_merged_partner_without_tax_number,cooperat_company,0d6b4b24f9434d15996b2f5349b749b7,北京筑龙信息技术有限责任公司,,allowed_blank_by_user_policy,exact_name,北京筑龙信息技术有限责任公司,company,2,merge_by_exact_name,true,false,cooperat_company,0d6b4b24f9434d15996b2f5349b749b7,501,false
partner_l4_missing_tax_duplicate_group_0045,create_merged_partner_without_tax_number,cooperat_company,05388d5c32cc4d209c350e1e5c5cf937,华略创新（成都）科技有限公司,,allowed_blank_by_user_policy,exact_name,华略创新（成都）科技有限公司,company,5,merge_by_exact_name,true,false,cooperat_company,05388d5c32cc4d209c350e1e5c5cf937,509,false
partner_l4_missing_tax_duplicate_group_0046,create_merged_partner_without_tax_number,cooperat_company,17ed3cad60174b1197d86c09911738d1,吉林市龙麒工程造价咨询有限责任公司西藏分公司,,allowed_blank_by_user_policy,exact_name,吉林市龙麒工程造价咨询有限责任公司西藏分公司,company,6,merge_by_exact_name,true,false,cooperat_company,17ed3cad60174b1197d86c09911738d1,540,false
partner_l4_missing_tax_duplicate_group_0047,create_merged_partner_without_tax_number,cooperat_company,2ebcc4db-824d-460a-a666-e3aca0ba2316,四川七星劳务有限公司成都分公司,,allowed_blank_by_user_policy,exact_name,四川七星劳务有限公司成都分公司,company,2,merge_by_exact_name,true,false,cooperat_company,2ebcc4db-824d-460a-a666-e3aca0ba2316,632,false
partner_l4_missing_tax_duplicate_group_0048,create_merged_partner_without_tax_number,cooperat_company,a0ebb98bce7d49d5ae07871c2fe012dc,四川伟腾律师事务所,,allowed_blank_by_user_policy,exact_name,四川伟腾律师事务所,company,2,merge_by_exact_name,true,false,cooperat_company,a0ebb98bce7d49d5ae07871c2fe012dc,666,false
partner_l4_missing_tax_duplicate_group_0049,create_merged_partner_without_tax_number,cooperat_company,3a9d62bec8fd47b18e2d7cc715be775e,四川保盛建设集团有限公司,,allowed_blank_by_user_policy,exact_name,四川保盛建设集团有限公司,company,4,merge_by_exact_name,true,false,cooperat_company,3a9d62bec8fd47b18e2d7cc715be775e,671,false
partner_l4_missing_tax_duplicate_group_0050,create_merged_partner_without_tax_number,cooperat_company,2be3860a5645448ea6e4d3aa7fbb4780,四川信联云航科技有限公司,,allowed_blank_by_user_policy,exact_name,四川信联云航科技有限公司,company,6,merge_by_exact_name,true,false,cooperat_company,2be3860a5645448ea6e4d3aa7fbb4780,677,false
partner_l4_missing_tax_duplicate_group_0051,create_merged_partner_without_tax_number,cooperat_company,315fb24390284169994604287c617fc6,四川兴溯道劳务有限公司,,allowed_blank_by_user_policy,exact_name,四川兴溯道劳务有限公司,company,6,merge_by_exact_name,true,false,cooperat_company,315fb24390284169994604287c617fc6,686,false
partner_l4_missing_tax_duplicate_group_0052,create_merged_partner_without_tax_number,cooperat_company,0010a8bd2fba4fe68eec1bfca50a5b17,四川兴诚信工程造价事务所有限公司,,allowed_blank_by_user_policy,exact_name,四川兴诚信工程造价事务所有限公司,company,6,merge_by_exact_name,true,false,cooperat_company,0010a8bd2fba4fe68eec1bfca50a5b17,689,false
partner_l4_missing_tax_duplicate_group_0053,create_merged_partner_without_tax_number,cooperat_company,6d7824667f8e43cea69c84641aa02b68,四川分包单位测试单位,,allowed_blank_by_user_policy,exact_name,四川分包单位测试单位,company,2,merge_by_exact_name,true,false,cooperat_company,6d7824667f8e43cea69c84641aa02b68,694,false
partner_l4_missing_tax_duplicate_group_0054,create_merged_partner_without_tax_number,cooperat_company,322962C05B7C4FFABE86FD6DA3D6F2A7,四川启美实业有限公司,,allowed_blank_by_user_policy,exact_name,四川启美实业有限公司,company,2,merge_by_exact_name,true,false,cooperat_company,322962C05B7C4FFABE86FD6DA3D6F2A7,725,false
partner_l4_missing_tax_duplicate_group_0055,create_merged_partner_without_tax_number,company_supplier,774e6ae549d341c9962cea7c6feb3ab7,四川安高消防工程有限公司中江分公司,,allowed_blank_by_user_policy,exact_name,四川安高消防工程有限公司中江分公司,company;supplier,3,merge_by_exact_name,true,true,company_supplier,774e6ae549d341c9962cea7c6feb3ab7,740,false
partner_l4_missing_tax_duplicate_group_0056,create_merged_partner_without_tax_number,cooperat_company,2d9fef40cfac4181b52143ae1deda487,四川山水美地农业投资有限公司,,allowed_blank_by_user_policy,exact_name,四川山水美地农业投资有限公司,company,2,merge_by_exact_name,true,false,cooperat_company,2d9fef40cfac4181b52143ae1deda487,751,false
partner_l4_missing_tax_duplicate_group_0057,create_merged_partner_without_tax_number,cooperat_company,43273b1e76a24a9ea2271831801616ce,四川川正工程检测有限公司,,allowed_blank_by_user_policy,exact_name,四川川正工程检测有限公司,company,5,merge_by_exact_name,true,false,cooperat_company,43273b1e76a24a9ea2271831801616ce,756,false
partner_l4_missing_tax_duplicate_group_0058,create_merged_partner_without_tax_number,cooperat_company,8019d3289465482eb92a8d4c2415bf67,四川建筑职业技术学院,,allowed_blank_by_user_policy,exact_name,四川建筑职业技术学院,company,2,merge_by_exact_name,true,false,cooperat_company,8019d3289465482eb92a8d4c2415bf67,767,false
partner_l4_missing_tax_duplicate_group_0059,create_merged_partner_without_tax_number,cooperat_company,dc6823036dd74bd88c5610fb86e64fff,四川建设发展股份有限公司,,allowed_blank_by_user_policy,exact_name,四川建设发展股份有限公司,company,2,merge_by_exact_name,true,false,cooperat_company,dc6823036dd74bd88c5610fb86e64fff,768,false
partner_l4_missing_tax_duplicate_group_0060,create_merged_partner_without_tax_number,cooperat_company,08b62df91c14472580585f435f3d8c4d,四川德奥律师事务所,,allowed_blank_by_user_policy,exact_name,四川德奥律师事务所,company,6,merge_by_exact_name,true,false,cooperat_company,08b62df91c14472580585f435f3d8c4d,774,false
partner_l4_missing_tax_duplicate_group_0061,create_merged_partner_without_tax_number,cooperat_company,071bc25417b0415793fe64c3efd2739c,四川德阳新自由印务有限公司,,allowed_blank_by_user_policy,exact_name,四川德阳新自由印务有限公司,company,2,merge_by_exact_name,true,false,cooperat_company,071bc25417b0415793fe64c3efd2739c,777,false
partner_l4_missing_tax_duplicate_group_0062,create_merged_partner_without_tax_number,cooperat_company,40369a1391e046e5a00547d2c63ec021,四川德阳汇龙市政工程有限责任公司,,allowed_blank_by_user_policy,exact_name,四川德阳汇龙市政工程有限责任公司,company,2,merge_by_exact_name,true,false,cooperat_company,40369a1391e046e5a00547d2c63ec021,778,false
partner_l4_missing_tax_duplicate_group_0063,create_merged_partner_without_tax_number,cooperat_company,0B8D2DF3861745A88668504F9B11B8D3,四川昌意兴建筑劳务有限公司,,allowed_blank_by_user_policy,exact_name,四川昌意兴建筑劳务有限公司,company,3,merge_by_exact_name,true,false,cooperat_company,0B8D2DF3861745A88668504F9B11B8D3,803,false
partner_l4_missing_tax_duplicate_group_0064,create_merged_partner_without_tax_number,cooperat_company,2b31d79406ad467caa1d5bb548537edc,四川标企信用评估服务有限公司,,allowed_blank_by_user_policy,exact_name,四川标企信用评估服务有限公司,company,2,merge_by_exact_name,true,false,cooperat_company,2b31d79406ad467caa1d5bb548537edc,817,false
partner_l4_missing_tax_duplicate_group_0065,create_merged_partner_without_tax_number,cooperat_company,9a259d34ce444e3db6bbd3f3823bff51,四川汉南供水有限公司,,allowed_blank_by_user_policy,exact_name,四川汉南供水有限公司,company,2,merge_by_exact_name,true,false,cooperat_company,9a259d34ce444e3db6bbd3f3823bff51,832,false
partner_l4_missing_tax_duplicate_group_0066,create_merged_partner_without_tax_number,company_supplier,8e916c589f364e7fa4d2496847edda6a,四川淼森飞国建材有限公司,,allowed_blank_by_user_policy,exact_name,四川淼森飞国建材有限公司,company;supplier,3,merge_by_exact_name,true,true,company_supplier,8e916c589f364e7fa4d2496847edda6a,843,false
partner_l4_missing_tax_duplicate_group_0067,create_merged_partner_without_tax_number,cooperat_company,e6ab4b1c8fb546b0a0700df7bda3817a,四川省东方兴发建设集团有限公司,,allowed_blank_by_user_policy,exact_name,四川省东方兴发建设集团有限公司,company,2,merge_by_exact_name,true,false,cooperat_company,e6ab4b1c8fb546b0a0700df7bda3817a,869,false
partner_l4_missing_tax_duplicate_group_0068,create_merged_partner_without_tax_number,cooperat_company,1fe6d72f5ca94f74a19b30e063702a07,四川省华地建设工程有限责任公司,,allowed_blank_by_user_policy,exact_name,四川省华地建设工程有限责任公司,company,5,merge_by_exact_name,true,false,cooperat_company,1fe6d72f5ca94f74a19b30e063702a07,875,false
partner_l4_missing_tax_duplicate_group_0069,create_merged_partner_without_tax_number,cooperat_company,139f490fbc3447ef8c12e51b71a0061c,四川省宇汇建设工程有限公司日喀则分公司,,allowed_blank_by_user_policy,exact_name,四川省宇汇建设工程有限公司日喀则分公司,company,2,merge_by_exact_name,true,false,cooperat_company,139f490fbc3447ef8c12e51b71a0061c,879,false
partner_l4_missing_tax_duplicate_group_0070,create_merged_partner_without_tax_number,cooperat_company,55a4b780064547da91beedb39369552d,四川省第四建筑有限公司,,allowed_blank_by_user_policy,exact_name,四川省第四建筑有限公司,company,2,merge_by_exact_name,true,false,cooperat_company,55a4b780064547da91beedb39369552d,904,false
partner_l4_missing_tax_duplicate_group_0071,create_merged_partner_without_tax_number,cooperat_company,065130C5E95F421294894C8C429705BA,四川省绵阳外国语学校,,allowed_blank_by_user_policy,exact_name,四川省绵阳外国语学校,company,2,merge_by_exact_name,true,false,cooperat_company,065130C5E95F421294894C8C429705BA,905,false
partner_l4_missing_tax_duplicate_group_0072,create_merged_partner_without_tax_number,cooperat_company,03720da8bb70444d8830052101781996,四川省聚益彰企业管理有限公司,,allowed_blank_by_user_policy,exact_name,四川省聚益彰企业管理有限公司,company,6,merge_by_exact_name,true,false,cooperat_company,03720da8bb70444d8830052101781996,907,false
partner_l4_missing_tax_duplicate_group_0073,create_merged_partner_without_tax_number,cooperat_company,9d7dc5fe-a95d-4364-907e-de7436723f83,四川科利建筑劳务发展有限公司,,allowed_blank_by_user_policy,exact_name,四川科利建筑劳务发展有限公司,company,2,merge_by_exact_name,true,false,cooperat_company,9d7dc5fe-a95d-4364-907e-de7436723f83,923,false
partner_l4_missing_tax_duplicate_group_0074,create_merged_partner_without_tax_number,cooperat_company,97B60E6FF880488C8BDDEDD5A92A350D,四川纹江致远建筑开发工程有限公司,,allowed_blank_by_user_policy,exact_name,四川纹江致远建筑开发工程有限公司,company,2,merge_by_exact_name,true,false,cooperat_company,97B60E6FF880488C8BDDEDD5A92A350D,928,false
partner_l4_missing_tax_duplicate_group_0075,create_merged_partner_without_tax_number,cooperat_company,7b311c19fd7e4785a80f82fee5b47773,四川自贡汇东发展股份有限公司,,allowed_blank_by_user_policy,exact_name,四川自贡汇东发展股份有限公司,company,2,merge_by_exact_name,true,false,cooperat_company,7b311c19fd7e4785a80f82fee5b47773,937,false
partner_l4_missing_tax_duplicate_group_0076,create_merged_partner_without_tax_number,company_supplier,6607307ff6554131af437c6c161e268e,四川鑫垚建筑劳务有限公司,,allowed_blank_by_user_policy,exact_name,四川鑫垚建筑劳务有限公司,company;supplier,3,merge_by_exact_name,true,true,company_supplier,6607307ff6554131af437c6c161e268e,973,false
partner_l4_missing_tax_duplicate_group_0077,create_merged_partner_without_tax_number,cooperat_company,384755AF32894194A888E537DAA7E47B,四川锦泰致远智能工程有限公司,,allowed_blank_by_user_policy,exact_name,四川锦泰致远智能工程有限公司,company,2,merge_by_exact_name,true,false,cooperat_company,384755AF32894194A888E537DAA7E47B,985,false
partner_l4_missing_tax_duplicate_group_0078,create_merged_partner_without_tax_number,cooperat_company,10243c88d89d4eb281e9441977df27cc,四川隆强建筑设备租赁有限公司,,allowed_blank_by_user_policy,exact_name,四川隆强建筑设备租赁有限公司,company,6,merge_by_exact_name,true,false,cooperat_company,10243c88d89d4eb281e9441977df27cc,992,false
partner_l4_missing_tax_duplicate_group_0079,create_merged_partner_without_tax_number,company_supplier,1e80ba0f7f9a473abc58a6667feac377,国家税务总局德阳市旌阳区税务局,,allowed_blank_by_user_policy,exact_name,国家税务总局德阳市旌阳区税务局,company;supplier,3,merge_by_exact_name,true,true,company_supplier,1e80ba0f7f9a473abc58a6667feac377,1006,false
partner_l4_missing_tax_duplicate_group_0080,create_merged_partner_without_tax_number,cooperat_company,3e5dfb41a1f0455abcc5b42a079c1353,国网新疆电力有限公司喀什供电公司,,allowed_blank_by_user_policy,exact_name,国网新疆电力有限公司喀什供电公司,company,2,merge_by_exact_name,true,false,cooperat_company,3e5dfb41a1f0455abcc5b42a079c1353,1015,false
partner_l4_missing_tax_duplicate_group_0081,create_merged_partner_without_tax_number,cooperat_company,0c444d6b8bb246ecbc16e4890debf4ca,国营川西机器厂,,allowed_blank_by_user_policy,exact_name,国营川西机器厂,company,2,merge_by_exact_name,true,false,cooperat_company,0c444d6b8bb246ecbc16e4890debf4ca,1018,false
partner_l4_missing_tax_duplicate_group_0082,create_merged_partner_without_tax_number,cooperat_company,3ba10359cf1440d0b6dc3ec6edbd6b00,天恒融资担保有限公司,,allowed_blank_by_user_policy,exact_name,天恒融资担保有限公司,company,6,merge_by_exact_name,true,false,cooperat_company,3ba10359cf1440d0b6dc3ec6edbd6b00,1047,false
partner_l4_missing_tax_duplicate_group_0083,create_merged_partner_without_tax_number,cooperat_company,969222dbbb3347708f17357ee52e4ddd,山东创杰智慧装备科技有限公司,,allowed_blank_by_user_policy,exact_name,山东创杰智慧装备科技有限公司,company,2,merge_by_exact_name,true,false,cooperat_company,969222dbbb3347708f17357ee52e4ddd,1113,false
partner_l4_missing_tax_duplicate_group_0084,create_merged_partner_without_tax_number,cooperat_company,4dd4960f25a34e329c064862db65069d,工伤保险费,,allowed_blank_by_user_policy,exact_name,工伤保险费,company,2,merge_by_exact_name,true,false,cooperat_company,4dd4960f25a34e329c064862db65069d,1129,false
partner_l4_missing_tax_duplicate_group_0085,create_merged_partner_without_tax_number,cooperat_company,77b6c672c19141399d2b05b395b0183a,工保网保险经纪有限公司,,allowed_blank_by_user_policy,exact_name,工保网保险经纪有限公司,company,5,merge_by_exact_name,true,false,cooperat_company,77b6c672c19141399d2b05b395b0183a,1130,false
partner_l4_missing_tax_duplicate_group_0086,create_merged_partner_without_tax_number,cooperat_company,c06ec62f4c5e429d81a02518984310da,布拖县乐安乡人民政府,,allowed_blank_by_user_policy,exact_name,布拖县乐安乡人民政府,company,2,merge_by_exact_name,true,false,cooperat_company,c06ec62f4c5e429d81a02518984310da,1156,false
partner_l4_missing_tax_duplicate_group_0087,create_merged_partner_without_tax_number,company_supplier,92fed7e0d6a54b9c8164377212306f7c,布拖县民主加油站,,allowed_blank_by_user_policy,exact_name,布拖县民主加油站,company;supplier,3,merge_by_exact_name,true,true,company_supplier,92fed7e0d6a54b9c8164377212306f7c,1166,false
partner_l4_missing_tax_duplicate_group_0088,create_merged_partner_without_tax_number,cooperat_company,54125fe5a0a848df82e458ae4eb2f3a9,广汉市丰众建材经营部,,allowed_blank_by_user_policy,exact_name,广汉市丰众建材经营部,company,4,merge_by_exact_name,true,false,cooperat_company,54125fe5a0a848df82e458ae4eb2f3a9,1239,false
partner_l4_missing_tax_duplicate_group_0089,create_merged_partner_without_tax_number,cooperat_company,4a195c2119c84cbba177417b5c78fc21,广汉市财政支付中心,,allowed_blank_by_user_policy,exact_name,广汉市财政支付中心,company,3,merge_by_exact_name,true,false,cooperat_company,4a195c2119c84cbba177417b5c78fc21,1257,false
partner_l4_missing_tax_duplicate_group_0090,create_merged_partner_without_tax_number,cooperat_company,c2c87eaac45c479a93c335c38735d903,广汉市金轮镇人民政府,,allowed_blank_by_user_policy,exact_name,广汉市金轮镇人民政府,company,2,merge_by_exact_name,true,false,cooperat_company,c2c87eaac45c479a93c335c38735d903,1259,false
partner_l4_missing_tax_duplicate_group_0091,create_merged_partner_without_tax_number,cooperat_company,0d621d2310904e7ba7aa7a6383c7c73f,建信融通有限责任公司,,allowed_blank_by_user_policy,exact_name,建信融通有限责任公司,company,6,merge_by_exact_name,true,false,cooperat_company,0d621d2310904e7ba7aa7a6383c7c73f,1279,false
partner_l4_missing_tax_duplicate_group_0092,create_merged_partner_without_tax_number,cooperat_company,8ADBC72F2FE849B4A2DAEDB3B817D12C,德阳二重新业建筑工程有限责任公司,,allowed_blank_by_user_policy,exact_name,德阳二重新业建筑工程有限责任公司,company,2,merge_by_exact_name,true,false,cooperat_company,8ADBC72F2FE849B4A2DAEDB3B817D12C,1385,false
partner_l4_missing_tax_duplicate_group_0093,create_merged_partner_without_tax_number,cooperat_company,24472713ae194aceb22b00ca82425d4f,德阳共创天成装饰建材工程有限公司,,allowed_blank_by_user_policy,exact_name,德阳共创天成装饰建材工程有限公司,company,4,merge_by_exact_name,true,false,cooperat_company,24472713ae194aceb22b00ca82425d4f,1393,false
partner_l4_missing_tax_duplicate_group_0094,create_merged_partner_without_tax_number,cooperat_company,465d51947a364767a9b2c9f30c7b1f40,德阳发展控股集团有限公司,,allowed_blank_by_user_policy,exact_name,德阳发展控股集团有限公司,company,2,merge_by_exact_name,true,false,cooperat_company,465d51947a364767a9b2c9f30c7b1f40,1401,false
partner_l4_missing_tax_duplicate_group_0095,create_merged_partner_without_tax_number,cooperat_company,26d6e57ce1ac4394926a2776d5932391,德阳国信建设工程有限公司,,allowed_blank_by_user_policy,exact_name,德阳国信建设工程有限公司,company,3,merge_by_exact_name,true,false,cooperat_company,26d6e57ce1ac4394926a2776d5932391,1406,false
partner_l4_missing_tax_duplicate_group_0096,create_merged_partner_without_tax_number,cooperat_company,24E5182A365841ABA2756A64288EBF6C,德阳大参林投资有限公司,,allowed_blank_by_user_policy,exact_name,德阳大参林投资有限公司,company,2,merge_by_exact_name,true,false,cooperat_company,24E5182A365841ABA2756A64288EBF6C,1408,false
partner_l4_missing_tax_duplicate_group_0097,create_merged_partner_without_tax_number,cooperat_company,833A62CA18E248829A724CD1FDEC42B7,德阳市人民医院,,allowed_blank_by_user_policy,exact_name,德阳市人民医院,company,2,merge_by_exact_name,true,false,cooperat_company,833A62CA18E248829A724CD1FDEC42B7,1426,false
partner_l4_missing_tax_duplicate_group_0098,create_merged_partner_without_tax_number,cooperat_company,41746ede278248f581dbd765a371bb79,德阳市住房保障和房地产事务中心,,allowed_blank_by_user_policy,exact_name,德阳市住房保障和房地产事务中心,company,2,merge_by_exact_name,true,false,cooperat_company,41746ede278248f581dbd765a371bb79,1429,false
partner_l4_missing_tax_duplicate_group_0099,create_merged_partner_without_tax_number,cooperat_company,235e6a40e9a44c4cb9fc1e964f6560c3,德阳市供水安装工程队,,allowed_blank_by_user_policy,exact_name,德阳市供水安装工程队,company,2,merge_by_exact_name,true,false,cooperat_company,235e6a40e9a44c4cb9fc1e964f6560c3,1433,false
partner_l4_missing_tax_duplicate_group_0100,create_merged_partner_without_tax_number,cooperat_company,0314be9ce8d546fe879b50ba72faafa6,德阳市元安物业有限公司,,allowed_blank_by_user_policy,exact_name,德阳市元安物业有限公司,company,6,merge_by_exact_name,true,false,cooperat_company,0314be9ce8d546fe879b50ba72faafa6,1434,false
partner_l4_missing_tax_duplicate_group_0101,create_merged_partner_without_tax_number,company_supplier,70e572dbf07347709848dee864fd0d3a,德阳市区天义光电检测行,,allowed_blank_by_user_policy,exact_name,德阳市区天义光电检测行,company;supplier,5,merge_by_exact_name,true,true,company_supplier,70e572dbf07347709848dee864fd0d3a,1451,false
partner_l4_missing_tax_duplicate_group_0102,create_merged_partner_without_tax_number,cooperat_company,0a25f50548da4ce3b20c45ad715b1ea7,德阳市区德谦建材经营部,,allowed_blank_by_user_policy,exact_name,德阳市区德谦建材经营部,company,2,merge_by_exact_name,true,false,cooperat_company,0a25f50548da4ce3b20c45ad715b1ea7,1457,false
partner_l4_missing_tax_duplicate_group_0103,create_merged_partner_without_tax_number,cooperat_company,9b6d6dd60a4c4f62801f5706f14615a3,德阳市康路公路养护工程有限公司,,allowed_blank_by_user_policy,exact_name,德阳市康路公路养护工程有限公司,company,2,merge_by_exact_name,true,false,cooperat_company,9b6d6dd60a4c4f62801f5706f14615a3,1500,false
partner_l4_missing_tax_duplicate_group_0104,create_merged_partner_without_tax_number,cooperat_company,8c00cc07fc114da29bce359030114c4d,德阳市总工会,,allowed_blank_by_user_policy,exact_name,德阳市总工会,company,2,merge_by_exact_name,true,false,cooperat_company,8c00cc07fc114da29bce359030114c4d,1508,false
partner_l4_missing_tax_duplicate_group_0105,create_merged_partner_without_tax_number,cooperat_company,08748a8a4a134be6bd7dbcbe1d159645,德阳市旌创建设工程有限公司,,allowed_blank_by_user_policy,exact_name,德阳市旌创建设工程有限公司,company,2,merge_by_exact_name,true,false,cooperat_company,08748a8a4a134be6bd7dbcbe1d159645,1515,false
partner_l4_missing_tax_duplicate_group_0106,create_merged_partner_without_tax_number,cooperat_company,70b77ce35bfd414a9f14b1988ea332e6,德阳市旌源建设发展股份有限公司,,allowed_blank_by_user_policy,exact_name,德阳市旌源建设发展股份有限公司,company,2,merge_by_exact_name,true,false,cooperat_company,70b77ce35bfd414a9f14b1988ea332e6,1518,false
partner_l4_missing_tax_duplicate_group_0107,create_merged_partner_without_tax_number,cooperat_company,3c4938de85fa4e0390f5215854d116f1,德阳市旌阳区德新镇人民政府,,allowed_blank_by_user_policy,exact_name,德阳市旌阳区德新镇人民政府,company,2,merge_by_exact_name,true,false,cooperat_company,3c4938de85fa4e0390f5215854d116f1,1539,false
partner_l4_missing_tax_duplicate_group_0108,create_merged_partner_without_tax_number,cooperat_company,d81433287ac24269937efb33c46de70e,德阳市旌阳区财政支付中心,,allowed_blank_by_user_policy,exact_name,德阳市旌阳区财政支付中心,company,2,merge_by_exact_name,true,false,cooperat_company,d81433287ac24269937efb33c46de70e,1548,false
partner_l4_missing_tax_duplicate_group_0109,create_merged_partner_without_tax_number,company_supplier,3da30fb68ea34b07970aeaf18545a094,德阳市杰阳资产运营管理有限公司,,allowed_blank_by_user_policy,exact_name,德阳市杰阳资产运营管理有限公司,company;supplier,3,merge_by_exact_name,true,true,company_supplier,3da30fb68ea34b07970aeaf18545a094,1554,false
partner_l4_missing_tax_duplicate_group_0110,create_merged_partner_without_tax_number,cooperat_company,906d8d2007a5412fa25e9b3b8fa72089,德阳市潺亭水务有限公司,,allowed_blank_by_user_policy,exact_name,德阳市潺亭水务有限公司,company,2,merge_by_exact_name,true,false,cooperat_company,906d8d2007a5412fa25e9b3b8fa72089,1564,false
partner_l4_missing_tax_duplicate_group_0111,create_merged_partner_without_tax_number,company_supplier,3f09fff078114c87b7bd9779ff77ce08,德阳市罗江区社会保险服务中心,,allowed_blank_by_user_policy,exact_name,德阳市罗江区社会保险服务中心,company;supplier,4,merge_by_exact_name,true,true,company_supplier,3f09fff078114c87b7bd9779ff77ce08,1588,false
partner_l4_missing_tax_duplicate_group_0112,create_merged_partner_without_tax_number,cooperat_company,7b21ea9402ee45ea94f865812d500e52,德阳市罗江区综合行政执法局,,allowed_blank_by_user_policy,exact_name,德阳市罗江区综合行政执法局,company,2,merge_by_exact_name,true,false,cooperat_company,7b21ea9402ee45ea94f865812d500e52,1591,false
partner_l4_missing_tax_duplicate_group_0113,create_merged_partner_without_tax_number,cooperat_company,7dfe55c4498541cbac3c0a134cd3c735,德阳市罗江区财政局,,allowed_blank_by_user_policy,exact_name,德阳市罗江区财政局,company,2,merge_by_exact_name,true,false,cooperat_company,7dfe55c4498541cbac3c0a134cd3c735,1594,false
partner_l4_missing_tax_duplicate_group_0114,create_merged_partner_without_tax_number,cooperat_company,021c3886541e4515bb8377ca3e65d9f8,德阳市自来水公司,,allowed_blank_by_user_policy,exact_name,德阳市自来水公司,company,2,merge_by_exact_name,true,false,cooperat_company,021c3886541e4515bb8377ca3e65d9f8,1599,false
partner_l4_missing_tax_duplicate_group_0115,create_merged_partner_without_tax_number,cooperat_company,0087D5A896804E378A09C775849E4F28,德阳市鑫浩科技有限公司,,allowed_blank_by_user_policy,exact_name,德阳市鑫浩科技有限公司,company,2,merge_by_exact_name,true,false,cooperat_company,0087D5A896804E378A09C775849E4F28,1608,false
partner_l4_missing_tax_duplicate_group_0116,create_merged_partner_without_tax_number,cooperat_company,0fdc0edee2754f928b009e30ad030135,德阳开发区林创工程机械设备租赁经营部,,allowed_blank_by_user_policy,exact_name,德阳开发区林创工程机械设备租赁经营部,company,2,merge_by_exact_name,true,false,cooperat_company,0fdc0edee2754f928b009e30ad030135,1629,false
partner_l4_missing_tax_duplicate_group_0117,create_merged_partner_without_tax_number,cooperat_company,8170A14AD9A44B558918ED4EF79143C2,德阳旌信物业服务股份有限公司,,allowed_blank_by_user_policy,exact_name,德阳旌信物业服务股份有限公司,company,2,merge_by_exact_name,true,false,cooperat_company,8170A14AD9A44B558918ED4EF79143C2,1656,false
partner_l4_missing_tax_duplicate_group_0118,create_merged_partner_without_tax_number,company_supplier,5F5CEF59AD834722A3A28D497688F678,德阳森元路面工程有限公司,,allowed_blank_by_user_policy,exact_name,德阳森元路面工程有限公司,company;supplier,3,merge_by_exact_name,true,true,company_supplier,5F5CEF59AD834722A3A28D497688F678,1667,false
partner_l4_missing_tax_duplicate_group_0119,create_merged_partner_without_tax_number,cooperat_company,22a545c3b0b54d07b328b87c8f6a1f9b,德阳汇众汽车销售服务有限公司,,allowed_blank_by_user_policy,exact_name,德阳汇众汽车销售服务有限公司,company,2,merge_by_exact_name,true,false,cooperat_company,22a545c3b0b54d07b328b87c8f6a1f9b,1669,false
partner_l4_missing_tax_duplicate_group_0120,create_merged_partner_without_tax_number,cooperat_company,0F42104F56184AD88453598D7520D309,德阳经开建设工程有限公司,,allowed_blank_by_user_policy,exact_name,德阳经开建设工程有限公司,company,2,merge_by_exact_name,true,false,cooperat_company,0F42104F56184AD88453598D7520D309,1694,false
partner_l4_missing_tax_duplicate_group_0121,create_merged_partner_without_tax_number,cooperat_company,0762808b07cb4a728156b84acf4cda2e,德阳经开物业管理有限公司,,allowed_blank_by_user_policy,exact_name,德阳经开物业管理有限公司,company,5,merge_by_exact_name,true,false,cooperat_company,0762808b07cb4a728156b84acf4cda2e,1695,false
partner_l4_missing_tax_duplicate_group_0122,create_merged_partner_without_tax_number,cooperat_company,2b3124837d8547cea19b91673c16837c,德阳高新发展有限公司,,allowed_blank_by_user_policy,exact_name,德阳高新发展有限公司,company,2,merge_by_exact_name,true,false,cooperat_company,2b3124837d8547cea19b91673c16837c,1718,false
partner_l4_missing_tax_duplicate_group_0123,create_merged_partner_without_tax_number,cooperat_company,0b1b3ca502b64c5687858b09c412e9f8,成都京东世纪贸易有限公司,,allowed_blank_by_user_policy,exact_name,成都京东世纪贸易有限公司,company,2,merge_by_exact_name,true,false,cooperat_company,0b1b3ca502b64c5687858b09c412e9f8,1735,false
partner_l4_missing_tax_duplicate_group_0124,create_merged_partner_without_tax_number,cooperat_company,48bfd34bf7c547c9b416e6c59962510e,成都和顺德非融资性担保有限公司,,allowed_blank_by_user_policy,exact_name,成都和顺德非融资性担保有限公司,company,6,merge_by_exact_name,true,false,cooperat_company,48bfd34bf7c547c9b416e6c59962510e,1748,false
partner_l4_missing_tax_duplicate_group_0125,create_merged_partner_without_tax_number,cooperat_company,faedfbcb3c77487b81bcc099b9a618b1,拉萨市柳梧新区管理委员会,,allowed_blank_by_user_policy,exact_name,拉萨市柳梧新区管理委员会,company,2,merge_by_exact_name,true,false,cooperat_company,faedfbcb3c77487b81bcc099b9a618b1,1842,false
partner_l4_missing_tax_duplicate_group_0126,create_merged_partner_without_tax_number,cooperat_company,386ed6a967434fb19ab12f4b1cb949ae,新疆亿通强星线缆有限公司,,allowed_blank_by_user_policy,exact_name,新疆亿通强星线缆有限公司,company,4,merge_by_exact_name,true,false,cooperat_company,386ed6a967434fb19ab12f4b1cb949ae,1877,false
partner_l4_missing_tax_duplicate_group_0127,create_merged_partner_without_tax_number,cooperat_company,a16bb6ef8a2646eda2a4297411365e25,旌阳区谢林华彩钢钢结构行,,allowed_blank_by_user_policy,exact_name,旌阳区谢林华彩钢钢结构行,company,2,merge_by_exact_name,true,false,cooperat_company,a16bb6ef8a2646eda2a4297411365e25,1960,false
partner_l4_missing_tax_duplicate_group_0128,create_merged_partner_without_tax_number,company_supplier,1f613900c4b042f997c308baa2fe71d3,旌阳区雷盾电动门维修经营部,,allowed_blank_by_user_policy,exact_name,旌阳区雷盾电动门维修经营部,company;supplier,4,merge_by_exact_name,true,true,company_supplier,1f613900c4b042f997c308baa2fe71d3,1966,false
partner_l4_missing_tax_duplicate_group_0129,create_merged_partner_without_tax_number,cooperat_company,08ce5fa5863b4607951e5680c6be59a1,杭州网易竹邮科技有限公司,,allowed_blank_by_user_policy,exact_name,杭州网易竹邮科技有限公司,company,6,merge_by_exact_name,true,false,cooperat_company,08ce5fa5863b4607951e5680c6be59a1,2128,false
partner_l4_missing_tax_duplicate_group_0130,create_merged_partner_without_tax_number,company_supplier,05312268671f45d5845cbe9ccab4f266,深圳市正泓融资担保有限公司,,allowed_blank_by_user_policy,exact_name,深圳市正泓融资担保有限公司,company;supplier,3,merge_by_exact_name,true,true,company_supplier,05312268671f45d5845cbe9ccab4f266,2260,false
partner_l4_missing_tax_duplicate_group_0131,create_merged_partner_without_tax_number,cooperat_company,3eb43d095d8448c692e8bebe7a1894d4,渝北区华航建材经营部,,allowed_blank_by_user_policy,exact_name,渝北区华航建材经营部,company,2,merge_by_exact_name,true,false,cooperat_company,3eb43d095d8448c692e8bebe7a1894d4,2274,false
partner_l4_missing_tax_duplicate_group_0132,create_merged_partner_without_tax_number,cooperat_company,9374866dc0fd410aa358c1c61851da11,班组工资表,,allowed_blank_by_user_policy,exact_name,班组工资表,company,3,merge_by_exact_name,true,false,cooperat_company,9374866dc0fd410aa358c1c61851da11,2357,false
partner_l4_missing_tax_duplicate_group_0133,create_merged_partner_without_tax_number,cooperat_company,2a8b426fa55247c08115c18a91305d48,璧山区林建工程机械租赁经营部,,allowed_blank_by_user_policy,exact_name,璧山区林建工程机械租赁经营部,company,4,merge_by_exact_name,true,false,cooperat_company,2a8b426fa55247c08115c18a91305d48,2360,false
partner_l4_missing_tax_duplicate_group_0134,create_merged_partner_without_tax_number,cooperat_company,0b3cd5219da747369f12af3dad1b3187,眉山环天建设工程集团有限公司,,allowed_blank_by_user_policy,exact_name,眉山环天建设工程集团有限公司,company,2,merge_by_exact_name,true,false,cooperat_company,0b3cd5219da747369f12af3dad1b3187,2387,false
partner_l4_missing_tax_duplicate_group_0135,create_merged_partner_without_tax_number,cooperat_company,407169365c524b8886beb39a77a5269a,米易县安怛工程机械租赁部,,allowed_blank_by_user_policy,exact_name,米易县安怛工程机械租赁部,company,5,merge_by_exact_name,true,false,cooperat_company,407169365c524b8886beb39a77a5269a,2412,false
partner_l4_missing_tax_duplicate_group_0136,create_merged_partner_without_tax_number,cooperat_company,45dc4ba6750c4a199773c7d3c4600de6,绵竹市众力工程机械设备有限公司,,allowed_blank_by_user_policy,exact_name,绵竹市众力工程机械设备有限公司,company,2,merge_by_exact_name,true,false,cooperat_company,45dc4ba6750c4a199773c7d3c4600de6,2437,false
partner_l4_missing_tax_duplicate_group_0137,create_merged_partner_without_tax_number,cooperat_company,9A0BFF6765494602AFD9EC38891D664E,绵竹市金申建筑有限公司,,allowed_blank_by_user_policy,exact_name,绵竹市金申建筑有限公司,company,2,merge_by_exact_name,true,false,cooperat_company,9A0BFF6765494602AFD9EC38891D664E,2444,false
partner_l4_missing_tax_duplicate_group_0138,create_merged_partner_without_tax_number,cooperat_company,401aad9eaa6044d196d95ce82f367c96,绵竹市鑫鹏建筑设备租赁有限公司,,allowed_blank_by_user_policy,exact_name,绵竹市鑫鹏建筑设备租赁有限公司,company,5,merge_by_exact_name,true,false,cooperat_company,401aad9eaa6044d196d95ce82f367c96,2445,false
partner_l4_missing_tax_duplicate_group_0139,create_merged_partner_without_tax_number,cooperat_company,00de3b0b931f4a3ea46ab7d680b18450,绵阳市游仙区魏城镇竹柳村村民委员会,,allowed_blank_by_user_policy,exact_name,绵阳市游仙区魏城镇竹柳村村民委员会,company,3,merge_by_exact_name,true,false,cooperat_company,00de3b0b931f4a3ea46ab7d680b18450,2484,false
partner_l4_missing_tax_duplicate_group_0140,create_merged_partner_without_tax_number,cooperat_company,70A1F8FE03E64D5AACF64A63C5B5D68A,绵阳皓华光电科技有限公司,,allowed_blank_by_user_policy,exact_name,绵阳皓华光电科技有限公司,company,2,merge_by_exact_name,true,false,cooperat_company,70A1F8FE03E64D5AACF64A63C5B5D68A,2492,false
partner_l4_missing_tax_duplicate_group_0141,create_merged_partner_without_tax_number,cooperat_company,019a867335a54fa6a4b408eaf35e5ca5,罗江县陈状建材经营部,,allowed_blank_by_user_policy,exact_name,罗江县陈状建材经营部,company,2,merge_by_exact_name,true,false,cooperat_company,019a867335a54fa6a4b408eaf35e5ca5,2530,false
partner_l4_missing_tax_duplicate_group_0142,create_merged_partner_without_tax_number,cooperat_company,5dad61f6c20e4091b7db6d33f8e0b5ad,苍溪县兴苍建设有限公司,,allowed_blank_by_user_policy,exact_name,苍溪县兴苍建设有限公司,company,2,merge_by_exact_name,true,false,cooperat_company,5dad61f6c20e4091b7db6d33f8e0b5ad,2585,false
partner_l4_missing_tax_duplicate_group_0143,create_merged_partner_without_tax_number,cooperat_company,7F4298A2A35C45B4B072A67FC9AA8609,西藏华泰龙矿业开发有限公司,,allowed_blank_by_user_policy,exact_name,西藏华泰龙矿业开发有限公司,company,2,merge_by_exact_name,true,false,cooperat_company,7F4298A2A35C45B4B072A67FC9AA8609,2679,false
partner_l4_missing_tax_duplicate_group_0144,create_merged_partner_without_tax_number,cooperat_company,150a70447dfe409f8608878f3fcf67e1,西藏润森实业有限公司,,allowed_blank_by_user_policy,exact_name,西藏润森实业有限公司,company,2,merge_by_exact_name,true,false,cooperat_company,150a70447dfe409f8608878f3fcf67e1,2688,false
partner_l4_missing_tax_duplicate_group_0145,create_merged_partner_without_tax_number,cooperat_company,39b3a507ebd34cde9f3e33f6598efcb4,重庆伟翰建筑设备租赁有限公司,,allowed_blank_by_user_policy,exact_name,重庆伟翰建筑设备租赁有限公司,company,4,merge_by_exact_name,true,false,cooperat_company,39b3a507ebd34cde9f3e33f6598efcb4,2843,false
partner_l4_missing_tax_duplicate_group_0146,create_merged_partner_without_tax_number,cooperat_company,19e0335b6730480c846881f7e26601ef,重庆兴农融资担保集团有限公司,,allowed_blank_by_user_policy,exact_name,重庆兴农融资担保集团有限公司,company,6,merge_by_exact_name,true,false,cooperat_company,19e0335b6730480c846881f7e26601ef,2849,false
partner_l4_missing_tax_duplicate_group_0147,create_merged_partner_without_tax_number,company_supplier,7c23a8dfe7a84ae1b9b861d8e06a0f92,重庆婷创机械设备租赁有限公司,,allowed_blank_by_user_policy,exact_name,重庆婷创机械设备租赁有限公司,company;supplier,4,merge_by_exact_name,true,true,company_supplier,7c23a8dfe7a84ae1b9b861d8e06a0f92,2876,false
partner_l4_missing_tax_duplicate_group_0148,create_merged_partner_without_tax_number,cooperat_company,44c97020ed7c4f4a98352c4b0249633a,重庆巴驿公共交通站场管理有限公司,,allowed_blank_by_user_policy,exact_name,重庆巴驿公共交通站场管理有限公司,company,2,merge_by_exact_name,true,false,cooperat_company,44c97020ed7c4f4a98352c4b0249633a,2885,false
partner_l4_missing_tax_duplicate_group_0149,create_merged_partner_without_tax_number,company_supplier,4c45f1b43663468c88c920cfca6f1377,重庆市南川区财政局,,allowed_blank_by_user_policy,exact_name,重庆市南川区财政局,company;supplier,4,merge_by_exact_name,true,true,company_supplier,4c45f1b43663468c88c920cfca6f1377,2896,false
partner_l4_missing_tax_duplicate_group_0150,create_merged_partner_without_tax_number,cooperat_company,48bf6eebc71f4a07b5480465b75fb70a,重庆市城投路桥管理有限公司,,allowed_blank_by_user_policy,exact_name,重庆市城投路桥管理有限公司,company,2,merge_by_exact_name,true,false,cooperat_company,48bf6eebc71f4a07b5480465b75fb70a,2899,false
partner_l4_missing_tax_duplicate_group_0151,create_merged_partner_without_tax_number,cooperat_company,5BD0AE8570AB4EBD8C1FDB7B920E1B3D,重庆市永川区水利站,,allowed_blank_by_user_policy,exact_name,重庆市永川区水利站,company,2,merge_by_exact_name,true,false,cooperat_company,5BD0AE8570AB4EBD8C1FDB7B920E1B3D,2910,false
partner_l4_missing_tax_duplicate_group_0152,create_merged_partner_without_tax_number,cooperat_company,2e39fcd1bc9f4ec2aa22db2ccf8173c4,重庆市津璧建筑劳务有限公司,,allowed_blank_by_user_policy,exact_name,重庆市津璧建筑劳务有限公司,company,5,merge_by_exact_name,true,false,cooperat_company,2e39fcd1bc9f4ec2aa22db2ccf8173c4,2915,false
partner_l4_missing_tax_duplicate_group_0153,create_merged_partner_without_tax_number,cooperat_company,5FD43D6B998C4E8B8C808903F38A9B19,重庆市渝北区双龙水库管理所,,allowed_blank_by_user_policy,exact_name,重庆市渝北区双龙水库管理所,company,2,merge_by_exact_name,true,false,cooperat_company,5FD43D6B998C4E8B8C808903F38A9B19,2919,false
partner_l4_missing_tax_duplicate_group_0154,create_merged_partner_without_tax_number,cooperat_company,dab85dbdd23e43b7971a610027f1fc7c,重庆市铜梁区太平镇人民政府,,allowed_blank_by_user_policy,exact_name,重庆市铜梁区太平镇人民政府,company,2,merge_by_exact_name,true,false,cooperat_company,dab85dbdd23e43b7971a610027f1fc7c,2949,false
partner_l4_missing_tax_duplicate_group_0155,create_merged_partner_without_tax_number,cooperat_company,3a2ed3df769a4566a50c206fa34ed5b7,重庆机场集团有限公司,,allowed_blank_by_user_policy,exact_name,重庆机场集团有限公司,company,2,merge_by_exact_name,true,false,cooperat_company,3a2ed3df769a4566a50c206fa34ed5b7,2968,false
partner_l4_missing_tax_duplicate_group_0156,create_merged_partner_without_tax_number,cooperat_company,902d4271d5a747bca16d91917ffd9086,重庆机场集团有限公司航空物流园发展分公司,,allowed_blank_by_user_policy,exact_name,重庆机场集团有限公司航空物流园发展分公司,company,2,merge_by_exact_name,true,false,cooperat_company,902d4271d5a747bca16d91917ffd9086,2970,false
partner_l4_missing_tax_duplicate_group_0157,create_merged_partner_without_tax_number,cooperat_company,4a78382cf6b64eb084b1a8930a2aa59f,重庆汇尔固机电设备有限公司,,allowed_blank_by_user_policy,exact_name,重庆汇尔固机电设备有限公司,company,2,merge_by_exact_name,true,false,cooperat_company,4a78382cf6b64eb084b1a8930a2aa59f,2973,false
partner_l4_missing_tax_duplicate_group_0158,create_merged_partner_without_tax_number,company_supplier,6c2791b2ee6545feb5da21a93e789bde,重庆百宇?昌建筑工程有限公司,,allowed_blank_by_user_policy,exact_name,重庆百宇?昌建筑工程有限公司,company;supplier,4,merge_by_exact_name,true,true,company_supplier,6c2791b2ee6545feb5da21a93e789bde,2986,false
partner_l4_missing_tax_duplicate_group_0159,create_merged_partner_without_tax_number,cooperat_company,3bcca84b7b0643539adedaef375c715e,重庆迁源项目管理有限公司,,allowed_blank_by_user_policy,exact_name,重庆迁源项目管理有限公司,company,6,merge_by_exact_name,true,false,cooperat_company,3bcca84b7b0643539adedaef375c715e,3003,false
partner_l4_missing_tax_duplicate_group_0160,create_merged_partner_without_tax_number,cooperat_company,3097D72E8FF94F75AC4CB725C11E2CE0,金阳县交通运输局,,allowed_blank_by_user_policy,exact_name,金阳县交通运输局,company,2,merge_by_exact_name,true,false,cooperat_company,3097D72E8FF94F75AC4CB725C11E2CE0,3036,false
partner_l4_missing_tax_duplicate_group_0161,create_merged_partner_without_tax_number,cooperat_company,7c022a0a14164ba3a64e66b991d3192a,金阳县人力资源和社会保障局,,allowed_blank_by_user_policy,exact_name,金阳县人力资源和社会保障局,company,2,merge_by_exact_name,true,false,cooperat_company,7c022a0a14164ba3a64e66b991d3192a,3037,false
partner_l4_missing_tax_duplicate_group_0162,create_merged_partner_without_tax_number,cooperat_company,5a31e9a7aa664363b14672e7f81a4d4d,金阳县财政局国库集中支付中心,,allowed_blank_by_user_policy,exact_name,金阳县财政局国库集中支付中心,company,2,merge_by_exact_name,true,false,cooperat_company,5a31e9a7aa664363b14672e7f81a4d4d,3040,false
partner_l4_missing_tax_duplicate_group_0163,create_merged_partner_without_tax_number,company_supplier,0301a873ce234ed58cef350a23b9c0d4,铜梁区春林建筑设备租赁站,,allowed_blank_by_user_policy,exact_name,铜梁区春林建筑设备租赁站,company;supplier,4,merge_by_exact_name,true,true,company_supplier,0301a873ce234ed58cef350a23b9c0d4,3052,false
partner_l4_missing_tax_duplicate_group_0164,create_merged_partner_without_tax_number,cooperat_company,13fecb61f11343e0aa2a186562efb874,锦泰财产保险股份有限公司,,allowed_blank_by_user_policy,exact_name,锦泰财产保险股份有限公司,company,6,merge_by_exact_name,true,false,cooperat_company,13fecb61f11343e0aa2a186562efb874,3054,false
partner_l4_missing_tax_duplicate_group_0165,create_merged_partner_without_tax_number,cooperat_company,4fa80264ab8d41c297b3b8cfbf6ab753,阳光财产保险股份有限公司绵阳中心支公司,,allowed_blank_by_user_policy,exact_name,阳光财产保险股份有限公司绵阳中心支公司,company,5,merge_by_exact_name,true,false,cooperat_company,4fa80264ab8d41c297b3b8cfbf6ab753,3068,false
partner_l4_missing_tax_duplicate_group_0166,create_merged_partner_without_tax_number,cooperat_company,4bee981f5abc41c48b2c9d58b6ae468b,阳光财产保险股份有限公司阿克苏中心支公司,,allowed_blank_by_user_policy,exact_name,阳光财产保险股份有限公司阿克苏中心支公司,company,5,merge_by_exact_name,true,false,cooperat_company,4bee981f5abc41c48b2c9d58b6ae468b,3072,false
partner_l4_missing_tax_duplicate_group_0167,create_merged_partner_without_tax_number,company_supplier,3944d3c4da664431ad7a9b44e5fbdeb0,零星发票,,allowed_blank_by_user_policy,exact_name,零星发票,company;supplier,5,merge_by_exact_name,true,true,company_supplier,3944d3c4da664431ad7a9b44e5fbdeb0,3136,false
partner_l4_missing_tax_duplicate_group_0168,create_merged_partner_without_tax_number,cooperat_company,0e388cec3d2e4b6e8a5cdcd365773252,零星材料,,allowed_blank_by_user_policy,exact_name,零星材料,company,9,merge_by_exact_name,true,false,cooperat_company,0e388cec3d2e4b6e8a5cdcd365773252,3137,false
partner_l4_missing_tax_duplicate_group_0169,create_merged_partner_without_tax_number,cooperat_company,1e70b387915241939e654532997f08cd,零星材料费,,allowed_blank_by_user_policy,exact_name,零星材料费,company,3,merge_by_exact_name,true,false,cooperat_company,1e70b387915241939e654532997f08cd,3143,false
partner_l4_missing_tax_duplicate_group_0170,create_merged_partner_without_tax_number,cooperat_company,d6ff7c74e74f46c089c17b979561f20b,青海省玉树公路路政执法支队,,allowed_blank_by_user_policy,exact_name,青海省玉树公路路政执法支队,company,2,merge_by_exact_name,true,false,cooperat_company,d6ff7c74e74f46c089c17b979561f20b,3162,false
partner_l4_missing_tax_duplicate_group_0171,create_merged_partner_without_tax_number,cooperat_company,0b3e6a9aa83947a69c510386c4d61e70,青白江华茂盛世建材经营部,,allowed_blank_by_user_policy,exact_name,青白江华茂盛世建材经营部,company,5,merge_by_exact_name,true,false,cooperat_company,0b3e6a9aa83947a69c510386c4d61e70,3168,false
partner_l4_missing_tax_duplicate_group_0172,create_merged_partner_without_tax_number,cooperat_company,3ae6b8097241409a9c5d8bdaf636048d,项目工资表,,allowed_blank_by_user_policy,exact_name,项目工资表,company,2,merge_by_exact_name,true,false,cooperat_company,3ae6b8097241409a9c5d8bdaf636048d,3175,false
partner_l4_missing_tax_duplicate_group_0173,create_merged_partner_without_tax_number,cooperat_company,ee1b36c807e64ea9b376f5289fc48f0e,广州市飞隆工程运输有限公司,,allowed_blank_by_user_policy,name_phone,广州市飞隆工程运输有限公司|15818899924,company,2,merge_by_name_phone,true,false,cooperat_company,ee1b36c807e64ea9b376f5289fc48f0e,3292,false
partner_l4_missing_tax_duplicate_group_0174,create_merged_partner_without_tax_number,cooperat_company,0e7a7b4c922847e0aa46be85a1bb03bd,德阳市辽河建材物资有限公司,,allowed_blank_by_user_policy,name_phone,德阳市辽河建材物资有限公司|17311829999,company,2,merge_by_name_phone,true,false,cooperat_company,0e7a7b4c922847e0aa46be85a1bb03bd,3300,false
partner_l4_missing_tax_duplicate_group_0175,create_merged_partner_without_tax_number,company_supplier,e2abedc6931741e6b5f2e530f197f8c7,达娃次仁,,allowed_blank_by_user_policy,name_phone,达娃次仁|17808915538,company;supplier,4,merge_by_name_phone,true,true,company_supplier,e2abedc6931741e6b5f2e530f197f8c7,3348,false
